{
    "loss": 14.70959758758545,
    "accuracy": 0.5179855823516846
}